<?xml version="1.0" encoding="UTF-8"?>
<GenRun Id="impl_1" LaunchPart="xc7z020clg484-1" LaunchTime="1684664034">
  <File Type="BITSTR-BMM" Name="BWT_transform_bd.bmm"/>
  <File Type="OPT-METHODOLOGY-DRC" Name="BWT_transform_methodology_drc_opted.rpt"/>
  <File Type="INIT-TIMING" Name="BWT_transform_timing_summary_init.rpt"/>
  <File Type="ROUTE-PWR" Name="BWT_transform_power_routed.rpt"/>
  <File Type="PA-TCL" Name="BWT_transform.tcl"/>
  <File Type="OPT-TIMING" Name="BWT_transform_timing_summary_opted.rpt"/>
  <File Type="OPT-DCP" Name="BWT_transform_opt.dcp"/>
  <File Type="ROUTE-PWR-SUM" Name="BWT_transform_power_summary_routed.pb"/>
  <File Type="REPORTS-TCL" Name="BWT_transform_reports.tcl"/>
  <File Type="OPT-DRC" Name="BWT_transform_drc_opted.rpt"/>
  <File Type="OPT-HWDEF" Name="BWT_transform.hwdef"/>
  <File Type="PWROPT-DCP" Name="BWT_transform_pwropt.dcp"/>
  <File Type="PWROPT-DRC" Name="BWT_transform_drc_pwropted.rpt"/>
  <File Type="PWROPT-TIMING" Name="BWT_transform_timing_summary_pwropted.rpt"/>
  <File Type="PLACE-DCP" Name="BWT_transform_placed.dcp"/>
  <File Type="PLACE-IO" Name="BWT_transform_io_placed.rpt"/>
  <File Type="PLACE-CLK" Name="BWT_transform_clock_utilization_placed.rpt"/>
  <File Type="PLACE-UTIL" Name="BWT_transform_utilization_placed.rpt"/>
  <File Type="PLACE-UTIL-PB" Name="BWT_transform_utilization_placed.pb"/>
  <File Type="PLACE-CTRL" Name="BWT_transform_control_sets_placed.rpt"/>
  <File Type="PLACE-SIMILARITY" Name="BWT_transform_incremental_reuse_placed.rpt"/>
  <File Type="PLACE-PRE-SIMILARITY" Name="BWT_transform_incremental_reuse_pre_placed.rpt"/>
  <File Type="BG-BGN" Name="BWT_transform.bgn"/>
  <File Type="PLACE-TIMING" Name="BWT_transform_timing_summary_placed.rpt"/>
  <File Type="POSTPLACE-PWROPT-DCP" Name="BWT_transform_postplace_pwropt.dcp"/>
  <File Type="BG-BIN" Name="BWT_transform.bin"/>
  <File Type="POSTPLACE-PWROPT-TIMING" Name="BWT_transform_timing_summary_postplace_pwropted.rpt"/>
  <File Type="PHYSOPT-DCP" Name="BWT_transform_physopt.dcp"/>
  <File Type="PHYSOPT-DRC" Name="BWT_transform_drc_physopted.rpt"/>
  <File Type="BITSTR-MSK" Name="BWT_transform.msk"/>
  <File Type="PHYSOPT-TIMING" Name="BWT_transform_timing_summary_physopted.rpt"/>
  <File Type="ROUTE-ERROR-DCP" Name="BWT_transform_routed_error.dcp"/>
  <File Type="ROUTE-DCP" Name="BWT_transform_routed.dcp"/>
  <File Type="ROUTE-BLACKBOX-DCP" Name="BWT_transform_routed_bb.dcp"/>
  <File Type="ROUTE-DRC" Name="BWT_transform_drc_routed.rpt"/>
  <File Type="ROUTE-DRC-PB" Name="BWT_transform_drc_routed.pb"/>
  <File Type="BITSTR-LTX" Name="debug_nets.ltx"/>
  <File Type="BITSTR-LTX" Name="BWT_transform.ltx"/>
  <File Type="ROUTE-DRC-RPX" Name="BWT_transform_drc_routed.rpx"/>
  <File Type="BITSTR-MMI" Name="BWT_transform.mmi"/>
  <File Type="ROUTE-METHODOLOGY-DRC" Name="BWT_transform_methodology_drc_routed.rpt"/>
  <File Type="ROUTE-METHODOLOGY-DRC-RPX" Name="BWT_transform_methodology_drc_routed.rpx"/>
  <File Type="BITSTR-SYSDEF" Name="BWT_transform.sysdef"/>
  <File Type="ROUTE-METHODOLOGY-DRC-PB" Name="BWT_transform_methodology_drc_routed.pb"/>
  <File Type="ROUTE-PWR-RPX" Name="BWT_transform_power_routed.rpx"/>
  <File Type="ROUTE-STATUS" Name="BWT_transform_route_status.rpt"/>
  <File Type="ROUTE-STATUS-PB" Name="BWT_transform_route_status.pb"/>
  <File Type="ROUTE-TIMINGSUMMARY" Name="BWT_transform_timing_summary_routed.rpt"/>
  <File Type="ROUTE-TIMING-PB" Name="BWT_transform_timing_summary_routed.pb"/>
  <File Type="ROUTE-TIMING-RPX" Name="BWT_transform_timing_summary_routed.rpx"/>
  <File Type="ROUTE-SIMILARITY" Name="BWT_transform_incremental_reuse_routed.rpt"/>
  <File Type="ROUTE-CLK" Name="BWT_transform_clock_utilization_routed.rpt"/>
  <File Type="ROUTE-BUS-SKEW" Name="BWT_transform_bus_skew_routed.rpt"/>
  <File Type="ROUTE-BUS-SKEW-PB" Name="BWT_transform_bus_skew_routed.pb"/>
  <File Type="ROUTE-BUS-SKEW-RPX" Name="BWT_transform_bus_skew_routed.rpx"/>
  <File Type="POSTROUTE-PHYSOPT-DCP" Name="BWT_transform_postroute_physopt.dcp"/>
  <File Type="POSTROUTE-PHYSOPT-BLACKBOX-DCP" Name="BWT_transform_postroute_physopt_bb.dcp"/>
  <File Type="POSTROUTE-PHYSOPT-TIMING" Name="BWT_transform_timing_summary_postroute_physopted.rpt"/>
  <File Type="POSTROUTE-PHYSOPT-TIMING-PB" Name="BWT_transform_timing_summary_postroute_physopted.pb"/>
  <File Type="POSTROUTE-PHYSOPT-TIMING-RPX" Name="BWT_transform_timing_summary_postroute_physopted.rpx"/>
  <File Type="POSTROUTE-PHYSOPT-BUS-SKEW" Name="BWT_transform_bus_skew_postroute_physopted.rpt"/>
  <File Type="POSTROUTE-PHYSOPT-BUS-SKEW-PB" Name="BWT_transform_bus_skew_postroute_physopted.pb"/>
  <File Type="BG-BIT" Name="BWT_transform.bit"/>
  <File Type="POSTROUTE-PHYSOPT-BUS-SKEW-RPX" Name="BWT_transform_bus_skew_postroute_physopted.rpx"/>
  <File Type="BITSTR-RBT" Name="BWT_transform.rbt"/>
  <File Type="BITSTR-NKY" Name="BWT_transform.nky"/>
  <File Type="BG-DRC" Name="BWT_transform.drc"/>
  <File Type="RDI-RDI" Name="BWT_transform.vdi"/>
  <File Type="WBT-USG" Name="usage_statistics_webtalk.html"/>
  <FileSet Name="sources" Type="DesignSrcs" RelSrcDir="$PSRCDIR/sources_1">
    <Filter Type="Srcs"/>
    <File Path="$PSRCDIR/sources_1/new/BWT_transform.sv">
      <FileInfo>
        <Attr Name="UsedIn" Val="synthesis"/>
        <Attr Name="UsedIn" Val="implementation"/>
        <Attr Name="UsedIn" Val="simulation"/>
      </FileInfo>
    </File>
    <Config>
      <Option Name="DesignMode" Val="RTL"/>
      <Option Name="TopModule" Val="BWT_transform"/>
      <Option Name="TopAutoSet" Val="TRUE"/>
    </Config>
  </FileSet>
  <FileSet Name="constrs_in" Type="Constrs" RelSrcDir="$PSRCDIR/constrs_1">
    <Filter Type="Constrs"/>
    <Config>
      <Option Name="ConstrsType" Val="XDC"/>
    </Config>
  </FileSet>
  <FileSet Name="utils" Type="Utils" RelSrcDir="$PSRCDIR/utils_1">
    <Filter Type="Utils"/>
    <Config>
      <Option Name="TopAutoSet" Val="TRUE"/>
    </Config>
  </FileSet>
  <Strategy Version="1" Minor="2">
    <StratHandle Name="Vivado Implementation Defaults" Flow="Vivado Implementation 2018"/>
    <Step Id="init_design"/>
    <Step Id="opt_design"/>
    <Step Id="power_opt_design"/>
    <Step Id="place_design"/>
    <Step Id="post_place_power_opt_design"/>
    <Step Id="phys_opt_design"/>
    <Step Id="route_design"/>
    <Step Id="post_route_phys_opt_design"/>
    <Step Id="write_bitstream"/>
  </Strategy>
</GenRun>
